username,currency,amount
4385574158,BTC,1.000000
4385574158,ETH,10.000000
4385574158,USDT,10000.000000
5484283074,BTC,1.000000
5484283074,ETH,10.000000
5484283074,USDT,10000.000000
1425871491,BTC,1.000000
1425871491,ETH,10.000000
1425871491,USDT,10000.000000
9652305921,BTC,1.000000
9652305921,ETH,10.000000
9652305921,USDT,12000.000000
9496096084,BTC,1.000000
9496096084,ETH,10.000000
9496096084,USDT,11000.000000
